id,income_date,name,nif,base,iva,principal_id
1,2016-01-13,Wanda Washington,213-43-6204,62.14,21,6
2,2016-03-10,Gary Howard,679-88-7988,107.95,21,6
3,2016-08-12,Bruce Russell,118-20-2005,25.16,21,5
4,2016-01-14,Anna Lawson,518-59-8663,114.7,21,6
5,2016-01-30,Gregory Perez,392-12-0408,213.78,21,5
6,2016-10-14,Antonio Stewart,249-40-0420,224.68,21,4
7,2016-03-01,Jeremy Sullivan,297-65-2678,217.83,21,3
8,2016-06-28,Norma Rice,139-07-9203,153.43,21,4
9,2016-04-24,Robert Bailey,870-27-1254,199.71,21,3
10,2016-04-03,Michelle Turner,388-57-7777,177.22,21,4
11,2016-10-17,Fred Carter,469-33-9501,108.15,21,3
12,2016-03-15,Samuel Wells,608-45-1961,68.47,21,6
13,2016-08-06,Julia Morgan,276-52-7924,48.42,21,3
14,2016-05-12,Wanda Foster,431-39-8528,26.03,21,6
15,2016-05-26,Albert Jackson,385-41-9934,199.36,21,3
16,2016-08-22,John Perry,614-53-7969,171.21,21,6
17,2016-01-06,Christina Bowman,922-90-5377,86.91,21,5
18,2016-08-21,Janet Pierce,419-34-1154,164.57,21,6
19,2016-04-15,Eugene Fowler,283-30-4500,207.72,21,6
20,2016-09-03,Fred Hanson,155-86-7377,107.85,21,6
21,2016-06-06,Brian Stone,341-34-5569,85.1,21,3
22,2016-03-01,Beverly Fernandez,365-78-5932,226.27,21,3
23,2016-10-06,Keith Day,205-93-1620,63.5,21,4
24,2016-05-23,Diane Foster,166-46-2661,227.2,21,4
25,2016-03-08,Dennis Sanchez,898-06-1476,132.06,21,5
26,2016-07-24,Jeremy Wallace,780-67-4529,93.6,21,4
27,2015-12-14,Bonnie Ellis,189-70-1385,101.67,21,3
28,2016-04-09,Todd Peters,533-12-4258,168.15,21,3
29,2016-01-07,Wayne Porter,713-17-4872,100.5,21,4
30,2016-08-16,Joseph Gray,525-63-2810,54.85,21,6
31,2016-06-20,Phyllis Owens,195-20-8113,64.99,21,5
32,2015-11-15,Ryan Robertson,973-18-5415,164.81,21,4
33,2016-04-23,Raymond Richardson,684-22-1928,44.1,21,4
34,2016-07-26,Joe Myers,414-95-8963,95.53,21,6
35,2015-11-16,Michael Woods,186-15-3132,189.24,21,4
36,2015-11-09,Kimberly Rice,764-42-3468,100.19,21,6
37,2016-02-01,Ronald Lopez,192-73-9697,55.31,21,3
38,2016-02-23,Jeffrey Wheeler,186-88-2995,184.45,21,5
39,2016-02-04,Fred Ford,873-61-9361,174.23,21,5
40,2016-08-06,Stephen Perez,138-57-9042,227.75,21,4
41,2016-07-26,Roger Kim,841-71-9434,189.33,21,6
42,2016-07-22,Earl Franklin,737-82-4776,132.19,21,5
43,2016-01-18,Sarah Sims,335-68-1321,73.1,21,5
44,2016-02-28,Donna Sims,341-37-0931,162.56,21,4
45,2016-04-22,Christina Hansen,399-22-7004,214.05,21,3
46,2015-12-02,Chris Grant,270-94-8198,99.38,21,4
47,2016-04-09,Todd Morrison,161-06-3364,185.96,21,4
48,2016-10-22,Juan Rogers,349-57-1252,32.32,21,5
49,2016-09-15,Diana Carpenter,634-08-8244,101.22,21,4
50,2015-10-26,Edward Brown,570-24-0369,100.61,21,6
51,2016-09-24,Diana Fowler,381-88-8578,164.72,21,4
52,2016-04-18,Edward Daniels,944-12-1089,35.56,21,5
53,2015-11-02,Angela Richardson,415-40-4776,120.97,21,5
54,2016-04-23,Patricia Mccoy,975-13-5488,87.55,21,6
55,2016-05-29,Lori Daniels,742-56-5189,122.67,21,3
56,2016-08-30,Samuel Stanley,192-60-9597,155.48,21,6
57,2015-11-16,Bruce Fuller,554-44-4610,110.38,21,6
58,2016-02-16,Marie Carpenter,766-03-0378,150.44,21,6
59,2016-10-21,Carolyn Mason,406-86-1540,131.54,21,5
60,2016-10-11,Joan Pierce,307-01-1442,165.37,21,5
61,2016-07-12,Matthew Bowman,393-24-2993,169.44,21,5
62,2015-11-27,Mildred Walker,563-83-4846,72.5,21,4
63,2016-03-30,Paul Henry,135-11-9027,48.36,21,4
64,2015-11-10,Todd Howell,587-48-0497,213.13,21,4
65,2016-02-18,Irene Martinez,313-75-0317,76.91,21,6
66,2016-04-25,Tammy Scott,859-98-1658,195.65,21,6
67,2016-04-27,Steve Carter,732-22-7156,33.08,21,4
68,2016-04-18,Joan Alvarez,809-43-1552,25.5,21,6
69,2016-06-07,Cynthia Kim,837-57-7222,104.21,21,3
70,2015-12-24,Craig Garcia,198-19-0457,200.37,21,4
71,2016-09-07,Rose Walker,963-58-4725,40.71,21,4
72,2016-01-06,Christina Hughes,861-06-4131,101.59,21,6
73,2016-04-17,Lois Stewart,299-21-7956,135.26,21,5
74,2016-03-11,Helen Hart,616-56-2326,142.71,21,4
75,2016-02-01,Sharon Harrison,107-02-1832,27.61,21,6
76,2016-07-02,Phillip Powell,327-73-7456,189.15,21,6
77,2015-12-19,Billy Kim,940-69-4193,33.14,21,3
78,2016-05-15,Jonathan Sanders,741-33-6738,103.36,21,3
79,2016-10-04,Andrew Stone,592-64-9177,177.5,21,4
80,2016-02-06,Diane Warren,192-10-7497,166.01,21,5
81,2016-01-03,Teresa Hawkins,195-76-1246,207.41,21,3
82,2016-02-28,Paul Thompson,690-28-7092,113.74,21,5
83,2016-05-10,Ann Sims,794-90-9325,90.02,21,5
84,2016-10-09,Jonathan Ferguson,100-58-4951,127.68,21,4
85,2016-07-22,Julie Miller,214-35-7302,133.32,21,4
86,2016-02-24,William Tucker,328-25-8786,217.34,21,6
87,2016-02-11,Chris Mcdonald,679-08-2744,143.25,21,5
88,2016-01-26,Raymond Olson,350-25-5505,182.01,21,4
89,2016-05-29,Tina Fuller,963-64-5948,47.76,21,3
90,2016-09-22,Debra Taylor,592-48-3815,77.91,21,5
91,2016-06-20,Jennifer Ross,631-14-2151,66.31,21,6
92,2015-12-31,Todd Patterson,538-87-4566,168.09,21,6
93,2015-12-26,Walter Welch,500-22-6438,43.69,21,6
94,2016-10-15,Marilyn Washington,179-98-6709,79.02,21,3
95,2016-08-09,Douglas Harris,274-44-5899,175.86,21,5
96,2016-07-12,Matthew Cruz,784-69-0748,42.45,21,6
97,2016-10-22,Janet Lopez,134-89-7754,66.63,21,6
98,2016-07-01,Louis Spencer,787-78-5001,85.63,21,5
99,2016-05-14,Russell White,931-99-9412,180.84,21,6
100,2016-08-13,Ruth Wallace,795-79-5604,91.72,21,5
101,2016-07-14,Billy King,870-02-4119,158.03,21,4
102,2015-11-03,Barbara Schmidt,436-64-6800,169.07,21,4
103,2016-08-31,Paul James,419-22-6416,33.0,21,6
104,2016-04-14,Donald Moore,377-08-5282,200.68,21,3
105,2016-02-25,William Franklin,534-57-2504,40.64,21,4
106,2016-05-25,Jason Young,936-45-3020,165.09,21,4
107,2016-09-01,Joshua Bailey,823-02-4617,221.01,21,5
108,2016-06-04,Nancy Franklin,943-24-4199,134.0,21,3
109,2016-04-30,Andrea Ryan,387-76-9942,117.99,21,5
110,2015-12-01,Wayne Welch,441-44-9071,129.53,21,3
111,2015-11-07,Anthony Stewart,749-93-3978,158.82,21,3
112,2016-03-30,Stephanie Rice,614-64-2034,198.12,21,4
113,2016-03-13,Joyce Shaw,943-50-8715,211.73,21,3
114,2016-01-13,Bonnie Turner,683-10-8131,34.45,21,3
115,2016-01-06,Amanda Lynch,843-59-2590,190.94,21,6
116,2016-07-04,Shirley Ray,403-70-4968,173.05,21,5
117,2016-04-16,Stephen Roberts,971-26-5715,32.03,21,4
118,2015-12-22,Raymond Olson,229-04-2837,63.79,21,3
119,2016-01-04,Russell Mendoza,547-55-2352,159.17,21,4
120,2015-12-26,Larry Garrett,406-48-1380,95.37,21,6
121,2016-08-13,Randy Armstrong,233-80-4305,149.1,21,4
122,2016-06-04,Andrea Payne,824-81-6831,205.89,21,6
123,2016-09-13,Gregory Cooper,977-61-5592,206.14,21,5
124,2016-04-16,Brian Mitchell,842-44-6866,171.87,21,6
125,2016-03-11,Martha Watson,982-30-8053,97.13,21,3
126,2016-01-02,Robin Ellis,245-23-8242,40.2,21,6
127,2016-09-11,Brian Morales,382-76-3025,93.59,21,6
128,2016-06-22,Emily Patterson,108-44-0340,219.67,21,4
129,2016-02-18,Joyce Campbell,904-88-2691,65.35,21,6
130,2016-05-21,Carlos Dean,503-69-1518,49.17,21,3
131,2016-05-22,Steven Welch,687-50-1309,30.35,21,3
132,2016-10-07,Irene Watkins,441-69-0898,105.1,21,6
133,2016-04-29,Anne Rice,953-17-6858,157.7,21,3
134,2015-11-15,Jonathan George,585-29-0061,201.93,21,4
135,2016-05-11,Sara Perkins,775-62-3468,129.62,21,4
136,2016-03-31,James Hunt,338-33-0633,163.87,21,6
137,2016-06-26,Kathleen Bailey,224-08-5894,161.18,21,6
138,2016-01-02,Stephen Jordan,472-57-8909,83.28,21,3
139,2016-05-25,Rose Welch,424-96-4736,207.07,21,5
140,2016-06-25,Daniel Hansen,478-46-9486,38.72,21,3
141,2016-01-04,Carolyn Wheeler,706-16-5553,172.16,21,6
142,2015-12-11,Anna Franklin,334-51-6105,90.3,21,4
143,2016-08-04,Diana Jones,803-47-6404,225.44,21,6
144,2015-12-28,Carlos Burns,663-16-2218,56.75,21,6
145,2016-06-01,Bobby Burns,599-43-7955,85.4,21,6
146,2016-04-29,Jimmy Robinson,616-93-7982,217.75,21,4
147,2016-08-15,Paula Fowler,670-91-2267,123.61,21,3
148,2016-02-05,Doris Coleman,626-70-6537,144.36,21,4
149,2015-10-25,Carlos Gardner,667-52-6570,187.91,21,4
150,2016-08-13,Carlos Ford,228-52-6492,87.48,21,4
151,2016-04-14,Douglas Barnes,226-80-6261,162.67,21,5
152,2016-03-16,Antonio King,933-37-1762,96.18,21,4
153,2016-02-18,Helen Long,622-78-1962,46.28,21,6
154,2016-05-31,Pamela Robinson,646-30-9763,98.99,21,5
155,2016-03-07,Nicholas Richards,214-19-1700,187.3,21,6
156,2016-06-04,Joshua Allen,552-78-7876,76.01,21,4
157,2016-10-17,Jeffrey Austin,672-30-2308,215.4,21,5
158,2016-05-25,James Lopez,613-34-1171,198.16,21,6
159,2015-11-01,Jesse Hunter,909-39-6157,192.55,21,6
160,2016-10-15,Brian Williamson,356-81-6558,217.62,21,5
161,2015-11-28,Joshua Fuller,537-97-0571,133.81,21,5
162,2016-04-09,Aaron Boyd,336-59-9674,115.14,21,3
163,2016-04-07,Ernest Gonzales,393-73-0407,175.06,21,5
164,2016-09-09,Carol Rodriguez,343-76-9882,211.24,21,6
165,2016-07-01,Sandra Parker,875-52-7992,101.43,21,3
166,2016-05-27,Steven Morris,166-57-1777,73.38,21,5
167,2016-09-22,Martha Jordan,638-51-4816,126.38,21,5
168,2016-08-31,Phillip Hudson,107-92-8589,226.38,21,5
169,2016-05-12,Ruby Fox,465-86-0886,176.72,21,4
170,2016-10-04,Matthew Ramos,549-80-0893,182.06,21,6
171,2016-07-05,Sarah Diaz,273-88-9781,149.88,21,6
172,2016-02-06,Katherine Rivera,807-78-5795,165.94,21,3
173,2015-11-03,Diane Gray,969-87-2732,223.64,21,4
174,2016-01-07,Kelly Arnold,184-52-7090,133.98,21,5
175,2016-05-31,Denise Nelson,718-21-5473,198.01,21,5
176,2016-01-07,Theresa Gibson,216-61-5072,170.73,21,5
177,2016-07-21,Edward Powell,629-85-0461,94.41,21,5
178,2016-05-11,Thomas Webb,806-60-7794,30.13,21,6
179,2016-01-21,Juan West,335-83-2757,129.3,21,5
180,2016-04-26,Jimmy Garrett,370-46-7858,226.52,21,5
181,2016-07-05,Howard Lane,576-21-8144,32.25,21,3
182,2016-10-04,Cheryl Sanders,342-48-4615,84.38,21,4
183,2015-11-15,Jesse Young,212-04-3408,68.9,21,5
184,2016-01-05,Richard Garza,823-66-7539,98.04,21,6
185,2016-03-19,Samuel Cook,560-81-4696,173.23,21,5
186,2016-02-18,Ernest Gardner,208-18-7407,174.2,21,3
187,2016-02-22,Emily Reynolds,132-23-1571,227.91,21,3
188,2016-07-24,Norma Hall,358-82-1856,132.83,21,6
189,2016-07-12,Jerry Martin,866-07-3771,149.45,21,6
190,2015-10-29,Steve Rodriguez,462-58-9539,38.23,21,4
191,2016-02-21,Evelyn Warren,123-14-4876,192.47,21,4
192,2016-08-17,Mark Hunt,418-31-8035,103.49,21,5
193,2016-09-01,Kimberly Ramirez,218-14-1044,202.86,21,5
194,2016-08-03,Chris Cole,431-24-5695,199.46,21,5
195,2016-04-04,Samuel Wallace,376-85-4638,66.43,21,3
196,2016-10-07,Laura Foster,487-45-3571,101.28,21,6
197,2016-10-09,Jerry Olson,726-36-9422,163.8,21,3
198,2015-11-27,Kimberly Palmer,635-95-3011,34.19,21,6
199,2016-09-28,Benjamin Walker,871-18-1205,74.34,21,3
200,2016-10-02,Rose Reynolds,865-48-5335,190.31,21,4
201,2016-08-10,Amy Hunt,276-66-7825,54.83,21,4
202,2016-05-25,Cheryl Walker,740-51-8720,174.85,21,3
203,2016-08-13,Raymond Gilbert,408-54-9881,183.85,21,5
204,2016-02-26,Peter Peterson,775-33-6807,103.63,21,5
205,2016-06-23,Frances Kim,673-10-8605,132.89,21,4
206,2016-02-12,Diana Burke,808-22-9987,197.1,21,4
207,2016-07-04,Joan Dunn,471-48-1167,53.83,21,4
208,2016-01-30,Stephen Little,706-21-1757,177.72,21,5
209,2015-12-20,Walter Robertson,267-13-8214,198.6,21,6
210,2016-08-17,Lisa Carter,182-94-9536,212.71,21,6
211,2016-10-03,Jason Allen,459-88-2148,109.4,21,4
212,2016-02-03,Andrew Coleman,830-15-9109,36.81,21,4
213,2016-04-18,Aaron Rogers,948-48-8722,94.83,21,5
214,2016-10-23,Ann Armstrong,635-41-9303,34.77,21,3
215,2016-09-15,Christine Martin,800-57-2075,191.9,21,4
216,2016-08-10,Bonnie Woods,113-36-7035,56.22,21,4
217,2016-08-18,Carlos Cook,151-78-3643,141.11,21,3
218,2016-08-11,Randy Bryant,894-51-7234,87.83,21,6
219,2016-09-19,Walter Roberts,653-13-4668,25.16,21,5
220,2016-04-21,Randy Myers,317-48-9417,99.63,21,3
221,2016-06-08,Martin Woods,398-97-0729,139.89,21,6
222,2016-05-12,Bruce Matthews,788-37-0566,70.09,21,4
223,2016-10-14,Brian Gutierrez,880-69-7638,111.29,21,5
224,2016-10-15,Tammy Knight,581-80-9337,135.22,21,5
225,2016-09-07,Billy Moore,970-32-5363,102.95,21,6
226,2016-03-24,Denise Larson,127-67-6342,54.0,21,4
227,2016-03-31,Teresa Berry,574-47-5502,189.92,21,4
228,2016-03-02,Sean Hernandez,459-87-8349,183.74,21,3
229,2016-06-01,Jane Garcia,238-25-2215,168.73,21,4
230,2016-01-20,Janet Grant,908-24-0053,122.46,21,5
231,2016-02-10,Jennifer Williams,709-50-8209,187.79,21,4
232,2016-08-01,Margaret Wells,439-47-5631,52.08,21,3
233,2016-02-01,Laura Berry,853-27-7522,112.17,21,5
234,2015-12-07,Gloria Vasquez,814-34-2983,220.48,21,3
235,2016-09-06,Daniel Watson,857-23-3608,151.44,21,3
236,2015-12-21,Bobby Lee,880-01-8148,130.04,21,5
237,2016-10-18,Carolyn Marshall,428-92-5936,77.52,21,4
238,2015-12-01,Chris Gutierrez,707-94-7769,228.34,21,3
239,2015-11-23,Rose Reynolds,462-41-3651,45.92,21,3
240,2016-03-28,Albert Hart,749-82-7981,112.12,21,4
241,2016-03-10,Roger Duncan,150-08-1764,110.68,21,6
242,2015-12-03,Walter Flores,946-00-9726,219.72,21,4
243,2016-09-11,Charles Armstrong,876-37-3459,75.71,21,6
244,2016-10-13,Lisa Fox,643-12-7793,116.72,21,6
245,2016-01-04,Carlos Hicks,293-15-6420,92.81,21,5
246,2016-04-13,Antonio Allen,986-75-3358,158.27,21,4
247,2016-04-06,Christine Fowler,426-16-6985,96.18,21,5
248,2015-12-13,Nancy Parker,579-98-7773,214.15,21,6
249,2016-09-18,Roy Barnes,258-14-0586,71.72,21,5
250,2016-08-22,Pamela Weaver,732-63-2336,153.81,21,3
251,2016-06-24,Teresa Welch,308-43-8111,206.97,21,4
252,2015-12-19,Nicole Weaver,356-77-2355,204.24,21,6
253,2015-12-17,Carlos Fernandez,647-59-0068,98.7,21,4
254,2016-05-14,Alan Jordan,934-42-8123,197.95,21,5
255,2016-06-25,Chris Ryan,811-52-1272,153.45,21,5
256,2016-06-04,Ernest Davis,497-56-0765,140.94,21,6
257,2016-04-13,Steve Burton,316-69-0897,44.7,21,4
258,2016-10-04,Timothy Fowler,373-00-7428,223.39,21,5
259,2015-11-17,Lori Scott,743-78-9450,28.28,21,4
260,2016-09-26,Michael Wheeler,511-96-1231,151.79,21,6
261,2016-10-05,Anna Garrett,521-52-7005,89.05,21,5
262,2016-04-30,Dennis Stevens,589-02-6524,84.26,21,3
263,2015-11-22,Keith Smith,555-18-9660,79.68,21,6
264,2016-02-01,Scott Lewis,168-51-0243,99.13,21,6
265,2016-09-02,Wayne Fuller,135-22-0097,67.27,21,5
266,2016-04-26,Lillian Hamilton,770-98-4452,194.16,21,6
267,2016-06-16,Michael Lynch,364-41-7760,180.18,21,4
268,2016-03-30,Willie Hunt,303-43-7439,215.56,21,3
269,2016-08-17,Victor Wilson,294-98-0297,77.85,21,3
270,2016-06-04,Carl Gardner,865-03-4081,168.35,21,6
271,2016-07-13,Bobby Fox,246-70-5856,199.54,21,6
272,2016-06-01,Nancy Wallace,298-51-1358,84.85,21,6
273,2016-08-26,Carlos Turner,129-51-8973,97.75,21,5
274,2016-02-18,Matthew Reynolds,153-82-3521,154.15,21,4
275,2016-04-02,Ronald Young,775-96-4843,120.72,21,5
276,2016-01-05,Aaron Mason,429-68-9677,188.93,21,3
277,2015-11-16,Evelyn Cunningham,355-72-1108,178.5,21,4
278,2016-04-04,Anna Henry,169-09-5315,183.32,21,3
279,2016-08-04,Anthony Baker,245-21-0042,76.61,21,6
280,2015-12-16,Samuel Wheeler,808-91-3876,175.01,21,3
281,2016-05-10,Billy Ford,803-52-1698,138.18,21,3
282,2016-02-20,Denise Mitchell,512-17-4013,52.59,21,4
283,2016-03-13,Clarence Kelly,105-25-5117,55.38,21,3
284,2016-02-11,Dorothy Kim,329-82-4830,75.7,21,3
285,2016-02-01,Howard Griffin,762-82-6714,139.21,21,5
286,2015-10-24,Teresa Howard,249-29-1859,120.95,21,5
287,2016-03-10,Sara Taylor,666-54-8535,73.09,21,5
288,2016-04-29,Katherine Henderson,902-87-8596,225.35,21,4
289,2016-04-28,Virginia Fields,746-35-2199,41.77,21,4
290,2016-04-17,Donald Wagner,696-15-1418,208.74,21,3
291,2015-11-21,Dennis Morales,848-57-3552,35.24,21,3
292,2016-02-10,Deborah Moore,771-89-6694,143.0,21,5
293,2015-12-21,Beverly Burton,577-20-8277,35.31,21,3
294,2016-02-26,Joan Freeman,323-82-9455,125.95,21,6
295,2016-10-13,Lisa Perry,218-54-2022,123.4,21,4
296,2016-02-08,Brenda Diaz,448-69-7228,84.27,21,5
297,2015-12-09,Deborah James,532-70-3076,137.89,21,6
298,2016-05-16,George Jackson,958-93-6652,213.52,21,5
299,2016-01-04,Harold Thomas,545-24-4416,114.96,21,6
300,2016-08-10,Margaret Williams,955-51-9359,200.8,21,3
301,2016-04-25,Daniel Fields,469-70-8987,25.67,21,3
302,2015-11-27,Lori Harvey,863-02-2578,225.74,21,5
303,2016-03-13,Ashley Graham,250-28-7245,223.75,21,5
304,2016-05-01,George Burns,414-43-1348,223.75,21,3
305,2015-12-23,Bobby Pierce,558-53-7292,169.28,21,6
306,2016-08-24,Dennis Lane,988-05-3928,188.18,21,3
307,2015-12-26,Gary Warren,293-08-2315,86.34,21,5
308,2016-06-02,Larry Harris,485-93-2211,109.83,21,6
309,2016-10-23,Joseph Hunter,254-72-3283,86.56,21,6
310,2016-01-09,Paul Garrett,603-66-0018,223.3,21,6
311,2016-02-14,Jose Ross,459-65-1043,106.77,21,5
312,2016-07-26,Lisa Fox,680-97-8922,227.31,21,3
313,2016-01-20,Larry Cruz,446-55-2104,178.17,21,3
314,2015-11-18,Peter Armstrong,880-00-4292,59.6,21,3
315,2016-07-12,Barbara Mason,804-06-4024,143.46,21,6
316,2015-12-28,Shawn Evans,521-28-6352,222.46,21,5
317,2015-11-04,Juan Wheeler,129-58-8198,74.15,21,3
318,2016-07-13,Jennifer Campbell,488-24-8151,159.7,21,5
319,2016-06-22,Jessica Fisher,542-05-5563,40.85,21,5
320,2016-05-22,Kathleen Campbell,810-33-1778,171.1,21,6
321,2016-02-12,Frances Wheeler,209-38-6616,124.93,21,5
322,2016-07-06,Todd Martin,506-39-0318,62.76,21,5
323,2016-05-31,Irene Stevens,657-33-0773,154.7,21,5
324,2016-08-02,Carol Reynolds,364-90-1005,69.97,21,6
325,2016-04-29,Harry Grant,990-77-2628,217.44,21,5
326,2016-01-05,Marilyn Daniels,252-39-7721,85.72,21,6
327,2016-07-13,Kevin Ryan,190-71-6398,158.06,21,3
328,2016-03-11,Deborah Carr,301-67-0928,37.79,21,4
329,2016-03-18,Eric Freeman,589-68-3546,83.96,21,6
330,2016-04-04,Denise Scott,272-62-6873,164.33,21,6
331,2016-06-04,Debra Harris,684-16-4471,100.43,21,6
332,2016-01-25,Kevin Stanley,833-54-0242,45.35,21,4
333,2016-10-01,Mark Garcia,938-32-6510,62.05,21,4
334,2016-03-04,David Evans,524-13-1167,229.51,21,5
335,2016-05-11,Daniel Johnson,547-21-5010,30.15,21,5
336,2016-04-26,Mildred George,248-32-6391,71.02,21,3
337,2016-03-28,Patrick Cooper,332-98-3246,172.49,21,4
338,2016-10-12,Richard Simpson,839-76-9730,37.93,21,5
339,2016-04-16,Robert Young,398-56-9259,63.82,21,4
340,2015-11-20,Marie Fields,776-54-5366,189.91,21,4
341,2016-08-12,Nicole Tucker,195-46-4246,162.84,21,3
342,2016-08-03,Walter Jones,895-45-6600,147.0,21,5
343,2016-02-29,Harold Jacobs,701-56-4325,94.06,21,3
344,2016-01-17,Linda Myers,729-82-1613,221.51,21,3
345,2015-12-09,Cheryl Sullivan,315-82-0734,62.41,21,3
346,2016-10-03,Aaron George,755-08-0972,147.26,21,6
347,2016-04-28,John Price,457-59-1930,113.01,21,3
348,2016-05-10,Phyllis Woods,215-59-0724,128.81,21,3
349,2016-06-29,Timothy Perkins,427-79-4635,141.07,21,4
350,2016-01-10,Carol Thompson,821-87-2015,73.41,21,4
351,2016-03-15,Ronald Hunter,507-34-7042,163.37,21,6
352,2016-05-07,Daniel Moreno,165-17-3387,183.35,21,4
353,2016-02-05,Robert Rose,298-50-6456,115.06,21,4
354,2016-07-03,Carol Ward,712-52-3086,204.16,21,3
355,2016-03-21,Anna Lopez,114-33-5218,161.94,21,6
356,2016-09-27,Willie Roberts,734-83-0306,149.27,21,3
357,2016-01-10,Kimberly Henderson,519-02-3752,87.4,21,3
358,2016-03-16,Heather Wood,441-99-8102,103.5,21,4
359,2016-10-09,Andrea Mendoza,975-59-2290,90.29,21,3
360,2016-08-12,Dennis Jones,427-08-0055,36.88,21,4
361,2016-06-22,Melissa Butler,470-16-0129,135.01,21,5
362,2015-11-22,Raymond Rose,668-68-6755,68.2,21,5
363,2016-01-15,James Ramirez,204-44-9986,165.71,21,6
364,2016-09-25,Sarah Butler,928-20-9090,190.27,21,4
365,2016-08-07,Daniel Lee,795-87-6746,106.45,21,3
366,2015-12-18,Norma Powell,196-41-2525,141.94,21,6
367,2016-09-16,Jeffrey Kelley,921-91-3135,64.59,21,3
368,2016-06-30,Shawn Marshall,228-80-0502,139.66,21,6
369,2015-11-11,Michael Berry,627-36-3009,35.2,21,3
370,2016-02-18,Diane Richardson,626-52-7502,41.57,21,3
371,2016-06-02,Jeremy Hughes,519-16-5091,182.06,21,5
372,2016-05-21,Heather Freeman,375-07-4698,115.29,21,3
373,2016-02-26,Judith Evans,270-64-4958,87.94,21,3
374,2016-04-19,Alice Ellis,847-35-4886,215.22,21,6
375,2016-09-04,Gloria Fields,747-21-0491,85.72,21,6
376,2016-04-10,Sara Cox,886-90-6215,140.21,21,6
377,2016-01-23,Joe Cook,194-04-2973,32.34,21,5
378,2016-07-22,Karen Stewart,354-66-9023,214.99,21,6
379,2016-08-28,Robin Wood,581-11-0147,157.25,21,5
380,2015-10-26,Ann Green,972-86-1147,113.47,21,5
381,2015-11-25,Virginia Fowler,332-89-6288,85.21,21,6
382,2016-08-13,Edward Henderson,937-07-3850,222.97,21,5
383,2016-10-03,Lillian Martin,695-09-8967,68.29,21,4
384,2015-11-14,Jacqueline Hayes,933-59-3022,115.85,21,3
385,2016-06-24,Sara Chapman,404-91-2906,55.32,21,6
386,2016-03-29,Ralph Spencer,125-50-0865,74.57,21,5
387,2016-05-23,Louise Edwards,315-06-4519,144.93,21,4
388,2016-03-06,Jason Cunningham,612-13-2759,196.04,21,6
389,2016-04-01,Jean Harris,303-59-8299,77.02,21,5
390,2016-08-19,Eric Crawford,693-81-8067,53.66,21,4
391,2016-01-05,Jennifer Nguyen,381-47-3355,144.96,21,4
392,2016-04-21,Phyllis Thompson,202-58-8638,138.47,21,4
393,2016-06-17,Dennis Wagner,884-41-1067,202.65,21,3
394,2016-02-23,Mark Palmer,536-72-9123,164.85,21,5
395,2015-11-22,Stephanie Perry,358-62-2665,129.72,21,5
396,2016-02-16,Lillian Jordan,518-65-6657,98.97,21,6
397,2016-08-30,James White,737-75-1199,44.12,21,6
398,2015-12-18,Jimmy Watson,992-54-5364,212.18,21,6
399,2016-08-02,Brenda Burns,618-07-4294,171.91,21,6
400,2016-06-23,Juan Dunn,817-57-2432,199.45,21,6
401,2016-09-06,Emily Jones,705-76-2989,57.12,21,6
402,2016-09-03,Donna Crawford,366-08-0276,191.09,21,5
403,2016-07-28,Ronald Jones,810-23-0527,112.91,21,5
404,2016-05-14,Karen Garrett,833-37-6444,155.1,21,3
405,2016-02-01,Henry Howell,750-11-8030,103.85,21,4
406,2016-02-27,Raymond Sims,930-38-6235,142.01,21,6
407,2016-01-21,Craig King,728-92-0123,99.88,21,6
408,2015-10-25,Deborah Watkins,773-55-2344,52.66,21,4
409,2016-02-10,Louis Palmer,276-36-1493,212.12,21,5
410,2016-03-15,Judy Walker,859-76-0083,172.91,21,6
411,2016-01-13,Charles Welch,756-32-4517,166.67,21,5
412,2016-04-16,Bruce Washington,563-96-0480,156.22,21,3
413,2016-08-25,Joseph Harper,798-99-2847,34.32,21,6
414,2016-03-06,Juan Arnold,799-14-5987,118.71,21,5
415,2016-01-20,Donna Simpson,839-14-2425,157.75,21,5
416,2016-02-15,Doris Kennedy,532-94-2785,214.15,21,4
417,2016-01-12,Martin Ross,825-34-3688,226.82,21,4
418,2015-10-29,Philip Carter,983-35-1062,128.16,21,6
419,2016-05-18,Harold Dunn,967-22-7373,164.61,21,4
420,2016-06-25,Stephanie Lynch,391-55-6611,190.82,21,6
421,2016-05-29,Carl Weaver,511-04-1199,84.7,21,4
422,2016-02-24,Phillip Medina,705-42-5091,128.06,21,4
423,2016-03-09,Jose Gonzales,867-34-5036,127.64,21,3
424,2016-10-02,Matthew Simmons,901-91-0534,167.91,21,5
425,2016-02-19,George Sullivan,878-67-1983,89.95,21,5
426,2015-11-03,Adam Fernandez,827-55-0580,134.72,21,6
427,2015-12-26,Dorothy Hunt,428-00-1804,31.41,21,3
428,2016-09-11,Heather Butler,446-65-1687,103.38,21,4
429,2016-08-05,Mary Wells,807-19-6956,132.82,21,6
430,2016-10-02,Ronald Alexander,193-52-3167,125.57,21,4
431,2015-12-08,Sara Mccoy,805-25-7165,157.99,21,5
432,2015-12-29,Keith Pierce,645-27-9789,195.72,21,4
433,2016-10-16,Gary Turner,296-63-7731,107.92,21,4
434,2015-12-07,Antonio Alexander,637-47-3217,215.33,21,6
435,2016-01-20,Earl Holmes,725-42-8383,114.52,21,3
436,2016-08-25,Mildred Marshall,857-95-3752,58.3,21,3
437,2016-05-29,Louise Brooks,448-03-4623,113.76,21,4
438,2016-07-10,Albert Gardner,950-53-9344,205.98,21,4
439,2016-08-07,Martha Fernandez,964-46-9474,38.33,21,5
440,2016-06-03,Barbara Nelson,407-11-1274,158.53,21,4
441,2016-03-11,Cynthia Clark,948-54-7659,91.96,21,6
442,2016-10-21,Judith Oliver,201-96-1186,67.36,21,5
443,2016-07-05,Ann Carter,705-43-1352,26.53,21,3
444,2016-10-06,Paul Stone,195-48-9424,115.25,21,5
445,2016-06-21,Barbara Stanley,920-66-0055,161.05,21,4
446,2016-05-20,Terry Palmer,717-25-3472,30.43,21,5
447,2016-01-27,Cynthia Ray,535-18-1120,189.8,21,3
448,2016-07-14,Sandra Nguyen,696-01-3093,202.51,21,3
449,2016-05-30,Douglas Jordan,860-53-8363,159.83,21,4
450,2016-04-17,Timothy Jackson,595-31-0835,88.98,21,6
451,2016-07-09,Michelle Nguyen,512-57-2251,119.49,21,3
452,2015-12-31,Raymond Fernandez,847-88-8475,156.77,21,6
453,2016-02-12,Roy West,652-12-1151,203.24,21,5
454,2016-04-12,Helen Perkins,487-90-4019,106.82,21,3
455,2015-12-04,George Edwards,155-80-5582,106.39,21,6
456,2016-04-03,Harold Chavez,605-78-6445,125.3,21,5
457,2016-08-07,Jeremy Simmons,993-72-8047,35.67,21,3
458,2016-08-06,Wanda Taylor,795-61-3860,171.21,21,5
459,2016-07-20,Raymond Powell,321-35-9056,71.31,21,4
460,2016-02-03,Jessica Rogers,407-23-6672,163.35,21,3
461,2016-04-08,Amy Kennedy,536-33-1041,86.26,21,4
462,2016-08-10,Jack Jackson,715-23-6362,163.13,21,6
463,2016-06-10,Jimmy Nelson,155-67-8722,82.54,21,4
464,2016-03-30,Raymond Ellis,732-30-5329,29.38,21,4
465,2016-07-10,Deborah Cook,865-56-0064,29.45,21,3
466,2016-04-21,Albert Morgan,892-59-4354,223.07,21,6
467,2016-04-12,Bobby Spencer,359-78-9984,26.77,21,4
468,2016-09-08,Gary Burke,563-84-8384,178.45,21,3
469,2016-08-11,Scott Wilson,233-38-1890,202.1,21,5
470,2016-05-16,Angela Burke,158-76-1303,189.62,21,6
471,2016-02-16,Tammy Jordan,468-87-0501,142.63,21,4
472,2016-09-18,Tina Welch,701-45-4517,154.02,21,4
473,2015-12-02,Elizabeth Austin,554-89-5749,180.31,21,4
474,2016-10-18,Wayne Reid,328-07-4534,27.41,21,6
475,2015-11-12,Raymond Marshall,815-64-6610,147.88,21,3
476,2016-07-24,Martin Freeman,142-41-6552,45.69,21,5
477,2016-09-17,Catherine Evans,114-19-5500,85.34,21,6
478,2016-10-12,Mary Berry,151-12-7151,216.23,21,6
479,2016-10-07,Rebecca Harper,399-91-7341,229.59,21,3
480,2016-08-22,Ann Garrett,424-72-5242,164.09,21,4
481,2015-11-23,Deborah Ray,190-18-1483,70.0,21,6
482,2016-10-18,Shirley Hernandez,262-90-2947,194.14,21,4
483,2016-10-13,Robert Jenkins,251-22-2294,53.18,21,5
484,2016-04-27,Larry Simmons,975-02-8224,27.36,21,5
485,2016-05-18,Betty Garza,214-35-2956,112.93,21,3
486,2016-03-10,Amy Warren,461-09-3833,196.71,21,3
487,2016-05-12,Scott Adams,422-59-1977,219.51,21,3
488,2015-11-19,Barbara Hicks,998-45-0321,25.95,21,6
489,2016-01-07,Anna Rice,897-10-0878,87.34,21,4
490,2016-09-10,Samuel Larson,317-08-1395,108.27,21,4
491,2015-12-17,Brenda Williams,588-90-5036,90.53,21,4
492,2016-02-23,Harry Lawrence,193-72-9925,141.6,21,4
493,2016-10-21,Louise Little,755-35-7051,218.81,21,3
494,2016-08-19,Jeffrey Chavez,138-15-2244,95.15,21,4
495,2015-12-12,Denise Gilbert,762-81-5917,211.05,21,5
496,2016-06-06,Janice Simmons,459-16-2443,166.08,21,4
497,2016-08-21,Justin Russell,666-88-7098,205.29,21,6
498,2016-03-28,Ernest Stephens,766-69-2516,86.98,21,4
499,2015-11-23,Nancy Harvey,671-76-8657,28.81,21,5
500,2015-11-28,Kenneth Walker,973-04-5310,126.16,21,4
501,2016-02-18,Lori Lawrence,608-85-1988,115.12,21,3
502,2016-09-18,Rose Harris,145-40-0452,97.82,21,4
503,2016-05-19,Victor Stewart,788-63-8686,158.06,21,4
504,2016-01-06,Scott Banks,174-34-8209,60.58,21,5
505,2016-09-01,Teresa Murphy,842-30-7925,43.06,21,4
506,2016-10-02,Lawrence Porter,360-82-3016,195.45,21,4
507,2015-11-15,Jerry Fowler,241-16-4602,49.21,21,3
508,2016-05-18,Steve Dean,518-77-2733,191.49,21,6
509,2016-10-06,Ashley Weaver,331-40-3574,57.6,21,3
510,2015-10-30,Diana Armstrong,893-79-0778,82.49,21,4
511,2015-12-05,Adam Palmer,855-79-6793,200.15,21,3
512,2016-06-04,Keith Dean,116-72-1104,226.78,21,5
513,2015-10-26,Dennis Rice,155-58-4085,136.52,21,4
514,2016-09-29,Julie Jacobs,440-19-7832,85.1,21,4
515,2016-03-31,Jimmy Cook,773-39-4691,49.3,21,3
516,2016-08-02,Joyce Cooper,305-62-0323,193.76,21,6
517,2016-08-05,Janet Rose,487-63-4577,126.17,21,6
518,2016-09-09,Jeremy Elliott,686-06-5191,213.17,21,6
519,2016-07-17,Teresa Brown,703-81-4875,181.77,21,3
520,2016-08-29,Steve Martinez,204-18-6289,136.56,21,6
521,2015-11-14,Peter Hunt,644-73-4366,142.2,21,6
522,2016-07-20,Nicole Dixon,308-83-0451,155.59,21,3
523,2016-02-07,Margaret Lynch,568-72-4801,88.75,21,4
524,2016-09-19,Edward Harvey,207-63-5861,97.52,21,3
525,2016-02-01,Heather Moore,200-13-1106,61.24,21,4
526,2016-05-21,Joe Gomez,572-62-0999,149.49,21,3
527,2016-10-17,Andrew Griffin,170-61-1822,63.79,21,6
528,2016-03-05,Patricia Walker,551-68-1281,57.71,21,6
529,2016-01-23,Carol Lawrence,692-11-3178,158.74,21,3
530,2016-04-06,Emily Weaver,369-24-8940,88.19,21,6
531,2016-02-20,Kathryn Foster,399-57-9295,90.73,21,4
532,2016-05-01,Alice Cooper,372-10-5514,124.3,21,4
533,2016-01-15,Alice Dixon,739-50-3110,225.12,21,6
534,2016-02-12,Jack Fowler,409-35-4048,28.0,21,4
535,2016-05-27,Lillian Jenkins,915-33-3762,63.45,21,4
536,2016-03-13,Phyllis Alvarez,604-87-6406,140.08,21,4
537,2016-02-25,Bobby Sullivan,399-17-8981,87.51,21,3
538,2016-03-03,Michael Andrews,143-68-9930,229.05,21,4
539,2016-08-25,Ashley Stephens,396-63-4843,34.95,21,6
540,2016-06-20,Ruth Hall,316-57-1896,47.57,21,6
541,2016-09-23,Doris Parker,927-55-0469,144.34,21,5
542,2016-06-10,Brenda Holmes,762-42-8460,79.0,21,3
543,2016-08-18,Henry Hill,181-58-4994,221.29,21,6
544,2016-01-05,Henry Palmer,254-93-1962,70.62,21,5
545,2015-12-24,Howard Mason,284-48-9691,196.9,21,4
546,2016-09-02,Annie Kim,317-84-4127,151.98,21,3
547,2016-10-17,Robin Chapman,179-12-9706,176.04,21,3
548,2015-12-06,Kathryn Gibson,669-63-4468,165.44,21,6
549,2016-01-04,Benjamin Reyes,602-71-9237,63.73,21,3
550,2016-03-02,Patrick Harvey,909-40-9548,103.22,21,4
551,2016-06-19,Dennis Baker,952-40-7161,28.68,21,4
552,2016-10-14,Brenda Gomez,215-19-6176,184.53,21,3
553,2016-09-22,Harold Morales,953-06-2892,41.25,21,4
554,2016-01-21,Antonio Snyder,944-72-3334,131.13,21,3
555,2016-01-03,Brandon Torres,855-97-4518,85.37,21,6
556,2016-07-14,Roy Rivera,804-58-6106,50.13,21,4
557,2016-05-11,Kelly Lopez,866-68-3763,170.48,21,3
558,2016-08-13,Samuel Ortiz,148-88-7968,221.87,21,6
559,2016-10-19,Stephanie Thompson,458-78-5903,170.53,21,3
560,2016-03-30,Jonathan Frazier,384-48-0609,123.55,21,4
561,2015-11-06,Jeremy Mccoy,497-36-8284,31.51,21,6
562,2016-10-14,Stephen Ryan,503-35-5992,184.7,21,4
563,2016-01-10,Edward Hanson,474-27-9477,104.97,21,3
564,2016-10-11,Elizabeth Harper,435-75-5043,220.52,21,4
565,2016-06-01,Dorothy Rogers,306-10-8178,86.47,21,5
566,2016-03-04,Adam Stone,349-37-2268,199.5,21,3
567,2016-08-04,Sara Reid,300-52-5842,217.49,21,3
568,2016-02-29,Wayne Sims,481-97-0535,212.12,21,5
569,2016-09-22,George Gomez,280-80-3474,165.95,21,3
570,2016-09-12,Mildred Franklin,297-67-7804,210.33,21,6
571,2016-09-25,Julie Cole,875-06-2997,149.49,21,6
572,2016-05-30,Robin Banks,859-90-4471,171.92,21,3
573,2016-08-31,Judy Payne,643-94-9835,190.99,21,6
574,2016-07-26,Joan Knight,264-32-3430,66.88,21,3
575,2016-09-09,Christina Gomez,282-16-6322,160.21,21,4
576,2016-10-02,Ralph Spencer,339-07-8298,217.74,21,5
577,2016-09-15,Kathleen Clark,187-57-8360,152.54,21,4
578,2016-07-29,Paul Morgan,176-23-0692,88.97,21,3
579,2016-08-17,Joe Burns,678-08-6017,172.04,21,6
580,2016-07-15,Denise Garcia,243-61-5650,87.09,21,5
581,2016-09-22,Carlos Young,296-35-6929,129.06,21,3
582,2016-07-12,Ralph Wheeler,190-69-7106,55.9,21,4
583,2016-04-29,Paula Austin,889-09-6689,161.57,21,6
584,2016-04-21,Jennifer Green,516-11-9725,95.74,21,6
585,2016-07-14,Terry Perez,916-78-9177,69.65,21,3
586,2016-02-09,Nancy Hernandez,689-71-0904,71.94,21,3
587,2016-10-10,Philip Romero,427-68-4064,211.96,21,5
588,2016-02-22,Laura Anderson,599-27-8221,153.14,21,3
589,2016-10-02,Harold Dixon,718-82-5745,155.79,21,5
590,2016-07-29,Ann Allen,312-39-2843,28.37,21,4
591,2016-06-13,Edward Henderson,418-97-9857,73.34,21,5
592,2016-01-13,Gary Wright,161-23-0978,114.87,21,4
593,2016-10-21,Jennifer Nichols,178-48-0970,184.71,21,3
594,2015-11-11,George Simpson,474-70-9049,36.29,21,6
595,2015-11-08,Judy Stevens,641-90-3968,29.06,21,6
596,2015-12-03,Jose Mendoza,291-58-4776,127.86,21,4
597,2016-05-31,Ronald Cooper,111-15-6298,206.46,21,4
598,2016-04-19,Robin Knight,649-96-0442,216.49,21,6
599,2015-11-09,Andrea Turner,358-86-5650,81.18,21,4
600,2016-08-30,Joan Hunter,107-09-3729,202.76,21,5
601,2016-02-02,Jimmy Gardner,161-56-7382,177.85,21,4
602,2016-09-14,Ruth Collins,308-43-5914,124.28,21,6
603,2016-07-06,Betty Watson,390-74-3858,38.58,21,6
604,2016-02-11,Ernest Flores,356-15-4460,156.39,21,6
605,2015-12-31,Matthew Clark,991-53-1215,110.6,21,5
606,2015-11-01,Margaret Payne,613-70-3551,215.69,21,6
607,2016-03-16,Evelyn Jones,987-59-3079,71.72,21,5
608,2016-02-01,Carolyn Sims,555-79-9508,164.0,21,4
609,2016-03-02,Andrew Jackson,903-92-2954,229.17,21,6
610,2016-05-27,Arthur Bell,410-27-9873,73.64,21,5
611,2016-08-11,Emily Sanders,711-19-9772,34.64,21,4
612,2016-03-08,Anthony Hawkins,501-18-8115,228.59,21,6
613,2016-05-07,Willie Nelson,758-37-2841,167.51,21,4
614,2015-12-24,Doris Morgan,166-31-6678,218.65,21,3
615,2015-11-25,Peter Bryant,331-34-4307,107.74,21,3
616,2016-09-01,Craig Diaz,171-48-2047,81.05,21,4
617,2015-12-09,Janice Cole,668-50-0923,85.17,21,3
618,2015-12-28,Annie Castillo,717-83-1022,73.55,21,6
619,2016-04-17,Gary Arnold,568-56-6038,132.43,21,3
620,2016-05-08,Christine Greene,661-43-1263,36.13,21,4
621,2015-12-04,Gerald Wheeler,105-64-7893,157.54,21,3
622,2016-07-16,Shirley Johnston,337-68-6237,182.79,21,6
623,2016-10-15,Stephanie Jackson,596-91-2044,131.62,21,3
624,2016-01-27,Rebecca Kelly,933-36-6586,92.2,21,3
625,2016-08-31,Lois Day,216-63-6183,124.97,21,3
626,2016-01-14,Jeremy Grant,530-20-0920,226.16,21,3
627,2016-04-23,John Palmer,313-23-2181,212.61,21,4
628,2016-02-19,Jack Wells,744-39-4713,152.08,21,5
629,2016-01-13,Ralph Morgan,940-57-0335,158.96,21,5
630,2016-02-05,Jessica Lee,680-19-2022,81.34,21,3
631,2016-04-05,Adam Coleman,826-35-7668,67.67,21,6
632,2016-03-19,Lois Willis,330-47-0144,155.53,21,4
633,2015-11-04,Alan Nelson,628-43-8426,128.44,21,4
634,2015-12-16,Louis Little,423-51-1796,189.58,21,5
635,2016-10-19,Ernest Peters,566-28-8403,199.78,21,3
636,2016-05-17,Lisa Ray,192-27-6852,65.52,21,4
637,2015-12-24,Lillian West,524-23-7100,105.07,21,4
638,2016-10-07,Alan Sullivan,604-48-4748,100.03,21,5
639,2016-07-17,Angela Allen,755-15-9127,141.09,21,6
640,2016-07-10,Angela Romero,797-69-4709,151.56,21,4
641,2016-05-13,Amy Chavez,644-81-5401,142.31,21,4
642,2016-10-17,Michelle Ray,774-71-2433,112.98,21,3
643,2016-10-11,Frances Foster,796-31-8511,103.87,21,5
644,2016-10-05,Jennifer Watkins,793-38-6000,108.61,21,6
645,2016-06-28,Christina Montgomery,107-35-7134,51.5,21,4
646,2016-01-21,Adam Robertson,982-15-4554,222.25,21,5
647,2016-06-07,Julie Morris,971-37-9999,85.89,21,6
648,2016-06-16,Linda Miller,545-78-5437,60.67,21,5
649,2015-11-19,Bobby Hudson,809-51-0747,53.52,21,3
650,2015-11-05,Denise Collins,790-76-7933,192.48,21,3
651,2015-12-13,Judith Fernandez,350-60-1825,187.81,21,5
652,2016-09-26,Sharon Williamson,219-90-3224,156.53,21,5
653,2016-10-16,Phillip Ray,903-79-6095,174.97,21,5
654,2015-11-02,Mildred Owens,233-15-3600,197.03,21,6
655,2016-08-12,Clarence Kim,413-58-3497,103.98,21,3
656,2016-10-20,Beverly Watkins,375-25-5302,82.49,21,3
657,2016-01-29,Jacqueline Harrison,735-42-1086,177.08,21,6
658,2015-12-13,Jonathan Fernandez,354-95-4451,126.45,21,5
659,2016-02-11,Ernest Anderson,456-34-9637,140.9,21,3
660,2016-04-14,Donna Martin,692-56-6585,34.62,21,4
661,2016-10-12,Diane Hughes,856-41-9122,100.74,21,5
662,2016-07-22,Willie Nguyen,662-74-8151,215.67,21,5
663,2016-07-21,Aaron Lewis,771-18-9199,49.07,21,4
664,2016-06-20,Sean Rogers,596-17-3132,113.96,21,6
665,2016-06-27,Kathy Watkins,320-60-0601,103.42,21,6
666,2016-06-17,Judy Knight,373-84-3173,28.0,21,5
667,2016-02-08,Frances Henderson,755-40-2141,32.01,21,3
668,2016-06-19,Michael Banks,791-50-9717,208.43,21,6
669,2016-01-02,Steven Meyer,874-77-4474,162.18,21,4
670,2016-04-16,Ryan Reid,651-55-9412,132.68,21,5
671,2015-11-03,Kelly Duncan,538-36-1209,147.06,21,3
672,2016-01-06,George Lewis,351-83-2199,83.47,21,5
673,2016-04-16,Cynthia Gomez,138-52-1504,31.18,21,4
674,2016-04-07,Annie Mitchell,370-85-2381,101.32,21,4
675,2016-02-24,Gloria Wilson,443-61-6718,144.67,21,4
676,2016-10-08,Walter Oliver,211-32-4195,36.58,21,4
677,2016-09-24,Patricia Gonzales,506-89-9443,70.96,21,4
678,2016-03-23,Ralph Mitchell,771-13-3934,111.26,21,6
679,2016-02-03,Martin Collins,919-62-9666,146.89,21,5
680,2016-04-19,Juan Gonzales,396-60-3041,93.71,21,4
681,2016-06-30,Jack Martinez,402-03-1212,77.88,21,3
682,2016-08-22,Nicholas Mcdonald,510-00-6281,92.1,21,4
683,2016-05-08,Diana Price,395-68-3313,162.19,21,3
684,2015-12-30,Sandra Torres,448-96-4545,57.91,21,4
685,2015-11-03,Jesse Turner,754-73-5400,98.24,21,5
686,2016-05-13,Joshua Ward,840-15-1566,121.76,21,4
687,2016-04-10,Carol Vasquez,111-96-8212,157.31,21,4
688,2016-05-04,Phillip Murray,337-13-5796,87.0,21,3
689,2016-05-02,Deborah Lawson,623-13-5280,83.04,21,3
690,2015-11-27,Henry Butler,159-86-8046,173.97,21,3
691,2016-07-26,Kathryn Gray,750-58-1023,171.29,21,6
692,2016-08-30,Evelyn Pierce,755-89-1811,124.7,21,4
693,2016-07-15,Peter Harrison,890-37-4783,79.21,21,5
694,2015-12-20,Todd Warren,119-37-5569,65.9,21,6
695,2015-10-29,Scott Baker,113-19-0614,166.14,21,4
696,2016-07-13,Joyce Mccoy,976-63-4542,75.58,21,5
697,2016-08-10,Todd Harris,937-07-8506,158.91,21,4
698,2016-07-27,Roger Spencer,312-21-4912,101.37,21,3
699,2016-03-26,Paula Kelly,718-61-0621,136.91,21,6
700,2015-11-20,Earl Wilson,110-63-5674,198.46,21,3
701,2016-04-13,Debra Myers,755-09-7495,132.12,21,4
702,2015-11-04,Steve Cook,102-97-5867,179.27,21,6
703,2016-05-08,Mildred Baker,948-16-2106,202.9,21,4
704,2016-01-19,Katherine Willis,843-39-1255,100.18,21,5
705,2016-04-24,Brian Bell,834-81-5313,175.26,21,5
706,2016-05-02,Denise Watkins,279-00-4068,63.16,21,3
707,2016-03-10,Sandra Jones,498-74-1619,198.2,21,5
708,2016-01-24,Lisa Taylor,384-34-6169,60.01,21,3
709,2016-10-13,Marie Butler,379-64-7127,203.39,21,4
710,2016-02-16,Evelyn Walker,725-90-7222,85.59,21,6
711,2016-04-30,Ruby Gutierrez,773-25-8698,76.3,21,6
712,2016-08-24,Kenneth Kelly,334-41-0702,180.29,21,5
713,2016-04-23,Sharon Perkins,756-20-6762,78.91,21,5
714,2015-11-11,Katherine Rice,316-84-6470,54.24,21,5
715,2016-01-11,Antonio Rose,248-06-0857,173.22,21,5
716,2016-05-20,Ronald Cunningham,486-42-0009,199.33,21,4
717,2016-05-18,Ruby Robinson,859-77-9437,101.03,21,4
718,2016-01-05,Chris Reed,433-63-6694,206.54,21,5
719,2015-11-28,Jason Stewart,692-36-8753,224.86,21,5
720,2016-02-22,Ruby Porter,506-26-9210,25.88,21,3
721,2016-04-10,Sandra Reyes,437-28-7424,204.01,21,6
722,2016-01-19,Anne Schmidt,345-69-2483,163.07,21,3
723,2016-09-07,Craig Ryan,343-32-1159,155.23,21,5
724,2016-01-12,Joe Johnston,130-77-5802,118.86,21,6
725,2016-04-03,Justin Harvey,137-01-1286,182.65,21,3
726,2016-04-09,Annie Scott,928-49-8786,130.48,21,4
727,2015-12-01,Ryan Hamilton,640-21-1594,113.42,21,4
728,2016-05-13,Roger Alvarez,223-18-9836,217.43,21,6
729,2016-09-09,Benjamin Flores,706-09-0419,168.6,21,3
730,2016-10-02,Victor King,192-53-4142,142.49,21,6
731,2016-01-31,Scott Morgan,780-80-6509,91.07,21,4
732,2016-04-23,Frances Myers,941-17-2817,139.24,21,4
733,2016-01-31,Anne Holmes,357-02-1582,223.62,21,3
734,2016-10-21,Pamela Stanley,968-52-4256,221.88,21,5
735,2016-03-15,William Schmidt,739-96-9145,163.83,21,3
736,2016-01-06,Tina Kennedy,150-48-7348,106.08,21,3
737,2015-12-22,Shawn Ellis,810-69-1596,48.96,21,4
738,2015-12-12,Ruby Simpson,876-55-7776,101.93,21,6
739,2016-09-10,John Holmes,633-19-3415,50.29,21,6
740,2016-03-31,Roger Davis,876-68-5896,128.45,21,3
741,2016-01-13,Justin Richardson,128-62-8257,171.97,21,3
742,2015-10-27,Kathy Bryant,141-95-2435,226.99,21,4
743,2016-08-27,Denise Myers,957-55-8282,55.74,21,3
744,2015-12-28,Dennis Jacobs,870-73-4931,91.97,21,3
745,2016-10-03,Irene Dixon,462-65-6194,59.79,21,4
746,2016-03-24,Dorothy Collins,164-54-2054,70.22,21,5
747,2016-08-27,Andrew Ryan,285-44-1706,204.76,21,4
748,2016-01-20,Ruth Murphy,816-37-6850,176.01,21,6
749,2016-07-24,Pamela Scott,791-56-2504,201.42,21,5
750,2016-03-05,Louis Bailey,368-55-0852,171.1,21,6
751,2016-05-13,Randy Gardner,480-70-6184,132.47,21,4
752,2016-02-12,David Warren,123-02-6184,163.93,21,3
753,2016-10-12,Keith George,694-54-9936,161.84,21,5
754,2015-10-28,Catherine Watkins,151-63-9227,128.54,21,4
755,2016-10-15,Heather Diaz,247-60-5579,172.9,21,4
756,2016-06-21,Patrick Evans,517-76-1443,102.07,21,6
757,2016-10-22,Robin Graham,638-04-2111,202.82,21,5
758,2015-11-07,Ashley Thomas,466-75-0716,92.11,21,4
759,2016-09-02,Brandon Turner,746-64-6090,82.66,21,5
760,2016-01-10,Diana Torres,331-92-7379,88.1,21,4
761,2016-08-21,Betty Gray,715-97-6358,57.08,21,6
762,2016-03-16,Randy Dixon,763-89-6014,57.06,21,5
763,2016-06-08,Roger Berry,734-32-8500,98.9,21,4
764,2016-05-18,Nicholas Brown,979-77-0847,99.01,21,6
765,2016-02-17,Philip George,241-16-6125,67.34,21,4
766,2016-06-09,Sean Baker,117-62-3520,190.82,21,6
767,2016-07-02,Martin Long,542-60-2376,30.05,21,3
768,2015-11-24,Jeffrey Mills,483-68-9857,216.84,21,6
769,2016-07-02,Todd Dixon,873-73-5054,122.88,21,3
770,2016-01-03,Anthony Edwards,973-69-7724,105.03,21,6
771,2015-11-23,Andrew Rose,931-11-9811,209.39,21,4
772,2015-11-25,Steve Romero,936-16-6196,50.25,21,4
773,2015-11-15,Laura Wheeler,392-88-4543,174.2,21,5
774,2016-04-15,Alice Hernandez,481-84-5146,51.55,21,6
775,2016-06-28,Debra Price,808-73-5069,114.68,21,4
776,2016-04-20,Thomas Frazier,658-78-7746,97.24,21,4
777,2016-01-13,Judith Brooks,380-65-8700,67.33,21,5
778,2015-11-10,Rebecca Peters,265-79-4363,45.15,21,6
779,2016-05-27,Scott Murphy,844-16-1178,202.1,21,5
780,2016-01-22,Albert Russell,965-79-2977,106.4,21,6
781,2016-09-28,Brandon Jenkins,230-82-4241,194.17,21,5
782,2015-11-26,Lois James,832-66-8454,83.6,21,6
783,2016-06-04,Carol Foster,966-62-0899,171.36,21,3
784,2016-02-13,Stephanie Cooper,695-68-7668,223.37,21,5
785,2016-03-25,Judy Ray,727-11-6903,57.96,21,4
786,2016-03-26,Jason Simmons,360-88-2510,138.56,21,5
787,2015-10-24,Kathy Moreno,213-36-2128,44.41,21,5
788,2015-11-30,Laura Green,399-24-8207,148.66,21,5
789,2016-08-08,Paula Young,822-26-7084,39.63,21,6
790,2016-02-12,Annie Kennedy,987-53-6746,46.53,21,6
791,2016-02-04,Lisa Taylor,819-42-1143,80.64,21,6
792,2016-01-10,Marilyn Collins,896-60-1665,58.15,21,3
793,2016-01-06,Philip White,639-32-5000,206.39,21,3
794,2016-07-29,Sandra Carter,763-77-3270,118.25,21,5
795,2016-04-29,Norma Martinez,192-92-1495,216.69,21,5
796,2016-03-20,Raymond Greene,575-09-5517,88.35,21,6
797,2016-01-06,Lawrence Lewis,465-17-9006,143.07,21,3
798,2015-12-13,Ruth Ross,466-74-9595,171.42,21,4
799,2015-12-19,Roy Tucker,331-27-1902,224.94,21,6
800,2016-02-24,Doris Dean,587-56-7039,32.29,21,5
801,2016-07-02,Philip Vasquez,588-82-0381,117.28,21,5
802,2016-01-18,Virginia Freeman,578-35-9828,201.18,21,3
803,2015-12-28,Tammy Henry,968-00-0060,85.0,21,4
804,2016-02-27,Sean Howell,337-09-7015,61.33,21,6
805,2016-01-24,Randy Sims,972-86-3951,30.59,21,3
806,2016-08-17,Clarence Allen,318-52-4322,203.67,21,6
807,2016-08-08,Jeremy Cruz,669-91-6007,166.02,21,6
808,2015-12-03,Scott Hall,421-49-3406,140.87,21,3
809,2016-04-22,Melissa Bradley,407-50-3652,127.79,21,6
810,2016-06-08,Dorothy Stevens,757-75-8152,132.24,21,5
811,2016-02-06,Jeremy Gibson,989-54-6670,139.05,21,6
812,2016-03-25,Randy Sims,939-13-4975,44.7,21,6
813,2016-09-15,Amy Cook,907-66-6971,149.32,21,4
814,2016-10-23,Phillip Wells,414-41-6891,185.87,21,4
815,2016-07-15,Richard Gonzales,478-30-1720,50.18,21,4
816,2016-06-23,Wayne Bishop,774-68-3973,205.84,21,6
817,2016-09-27,Anna Hernandez,916-34-9676,165.02,21,5
818,2016-08-03,Amy Johnston,480-24-1982,146.96,21,6
819,2015-10-29,Carolyn Shaw,914-13-8833,110.92,21,6
820,2016-02-23,Joseph Dixon,546-56-4049,125.45,21,4
821,2016-04-24,Deborah Reed,427-85-4342,56.39,21,5
822,2016-06-03,Joe George,689-93-7787,169.57,21,5
823,2016-08-30,Fred George,430-11-2435,86.5,21,3
824,2016-01-31,Judith Griffin,624-10-1893,220.31,21,5
825,2016-08-01,Kathy Spencer,881-86-7742,87.66,21,3
826,2016-06-05,Harry Williamson,310-81-6886,168.07,21,3
827,2016-05-31,Carolyn Stone,317-35-9702,201.77,21,4
828,2016-05-05,Rachel Sims,653-85-8992,141.61,21,6
829,2016-08-26,Paul Payne,263-19-0219,151.2,21,4
830,2016-08-21,Eugene Scott,646-83-7096,155.53,21,3
831,2016-05-08,Diane Willis,466-81-5409,192.59,21,5
832,2015-12-11,Mark Oliver,136-95-8269,162.11,21,5
833,2016-02-25,David Bennett,243-67-4832,220.08,21,6
834,2016-09-16,Scott Woods,108-73-3497,189.53,21,6
835,2016-09-11,Justin Watson,681-01-9484,51.85,21,3
836,2016-07-30,Robin Barnes,535-93-2770,65.61,21,5
837,2016-02-28,Janice Rivera,133-83-2429,35.26,21,5
838,2016-10-16,Jacqueline Nguyen,843-96-6715,207.1,21,6
839,2016-02-12,Billy Jones,997-74-3765,113.72,21,5
840,2016-06-22,Brandon Burke,418-32-1285,123.74,21,4
841,2016-08-12,Jose Reyes,849-87-9399,28.99,21,4
842,2016-03-19,Nancy Nguyen,170-32-5017,215.67,21,4
843,2016-04-05,Samuel Nguyen,724-30-0919,56.09,21,6
844,2016-07-17,Jeremy Sims,848-59-6696,95.26,21,6
845,2016-01-10,Gregory Henry,171-06-5021,93.45,21,4
846,2016-10-02,Brenda Chapman,321-04-7405,54.85,21,3
847,2015-12-25,Jimmy Hill,934-77-6300,38.33,21,6
848,2016-09-04,Bruce Hamilton,917-33-3553,62.49,21,4
849,2015-11-04,Martin Clark,178-34-8223,67.54,21,4
850,2016-04-07,Melissa Ortiz,325-03-1207,45.97,21,5
851,2015-12-23,Lois Martin,676-41-6014,49.2,21,6
852,2016-05-04,Tina Thomas,359-38-2569,52.83,21,4
853,2016-01-02,Gregory Lawson,543-08-0503,176.59,21,6
854,2016-02-10,Marie Howard,272-03-5270,207.75,21,3
855,2015-11-23,Joe Ross,488-73-9874,87.88,21,5
856,2016-08-16,Thomas Chavez,714-21-2944,53.04,21,5
857,2016-06-22,Jose Williamson,938-91-1062,177.41,21,5
858,2016-07-14,Sharon Hanson,189-98-5979,87.81,21,6
859,2016-01-03,Kathleen Hudson,852-75-4957,64.51,21,4
860,2016-08-31,Helen Fuller,255-29-7289,200.64,21,3
861,2015-11-03,Sandra Wright,456-92-5448,60.38,21,6
862,2015-12-11,Clarence Diaz,505-93-9649,75.74,21,5
863,2015-11-20,Arthur Snyder,319-49-0055,58.38,21,6
864,2016-10-21,Kathy Reynolds,340-97-7651,148.87,21,3
865,2016-05-01,Nicole Martin,737-50-1586,224.98,21,3
866,2015-12-11,Beverly Nguyen,127-78-8036,67.22,21,6
867,2016-05-01,Beverly Gutierrez,262-25-5535,80.08,21,6
868,2015-11-16,Marilyn Fields,427-99-7443,159.41,21,4
869,2016-03-14,Jeremy Hunter,665-40-0214,155.87,21,5
870,2015-11-23,Randy Bailey,755-23-1291,77.08,21,6
871,2015-11-12,Gary Willis,136-28-2682,93.49,21,3
872,2016-08-03,Eric Fox,522-59-4100,130.06,21,6
873,2016-05-14,Jesse Richardson,361-53-6114,205.69,21,3
874,2016-04-17,Kathy Chapman,379-69-1026,214.45,21,5
875,2016-06-18,Louise Andrews,910-95-2719,76.16,21,3
876,2016-08-30,Dorothy Williams,552-38-0994,207.28,21,3
877,2015-12-13,Betty Richards,826-01-4296,211.94,21,3
878,2016-08-21,Kevin Scott,963-78-6990,110.76,21,5
879,2015-11-24,Linda Thomas,824-50-0669,215.38,21,6
880,2016-08-12,Bobby Black,618-39-6418,149.95,21,6
881,2016-04-02,Patricia Taylor,792-54-6174,210.23,21,4
882,2016-07-13,Susan Carter,310-17-6834,116.79,21,6
883,2016-10-04,Lisa Reed,320-38-4443,196.79,21,4
884,2016-02-09,Sharon Schmidt,256-86-9523,199.09,21,5
885,2015-12-17,Louis Bell,796-84-6330,27.47,21,3
886,2016-07-02,Gary Long,876-24-4481,106.75,21,5
887,2016-05-06,Julia Miller,496-13-8567,99.71,21,4
888,2016-05-08,Terry Stanley,722-46-3801,131.06,21,4
889,2015-12-28,Sandra Martinez,804-20-0426,211.16,21,4
890,2016-07-19,Richard Johnston,879-37-1508,155.6,21,3
891,2016-10-05,Cheryl Cooper,886-89-2793,106.58,21,5
892,2016-07-05,Sarah Porter,804-35-9007,96.6,21,6
893,2016-07-29,Cheryl Palmer,130-22-3361,177.75,21,4
894,2016-06-16,Cheryl Schmidt,714-50-7832,55.52,21,5
895,2016-03-16,Bruce Wood,135-80-2255,193.48,21,5
896,2016-10-10,Jesse King,962-68-7776,137.94,21,5
897,2016-07-22,Wayne Hernandez,419-67-5312,43.53,21,5
898,2016-07-28,Pamela Webb,264-20-6193,228.65,21,5
899,2016-06-12,Sean Allen,243-91-0116,211.68,21,4
900,2015-10-29,Cynthia Andrews,663-17-7788,128.56,21,4
901,2016-09-04,Brian Martinez,716-12-4221,213.48,21,5
902,2016-05-03,Bruce Wallace,183-14-5482,82.14,21,4
903,2015-12-15,Marilyn Ellis,118-57-2828,81.12,21,3
904,2016-06-15,Martin Cooper,135-26-2997,188.63,21,4
905,2015-11-17,Sandra Chavez,704-84-3513,97.81,21,4
906,2016-10-05,Nicholas Parker,722-02-6232,118.9,21,4
907,2016-02-27,Ronald Gilbert,487-12-6352,83.53,21,6
908,2016-08-29,Ruth Chavez,690-58-9530,158.18,21,4
909,2016-03-19,Robert Gilbert,324-40-2586,163.61,21,6
910,2016-05-22,Stephen Olson,287-04-9068,116.94,21,4
911,2016-07-23,Louise Washington,314-35-2329,44.99,21,5
912,2015-11-19,Patrick Harrison,588-36-8030,60.64,21,5
913,2016-06-14,Randy Ferguson,616-17-7371,134.13,21,4
914,2016-01-10,Russell Nichols,278-04-0949,164.32,21,4
915,2016-06-16,Sharon Wagner,847-05-8707,28.67,21,3
916,2016-09-30,Jonathan Duncan,879-39-0131,209.53,21,3
917,2015-12-16,Mary Evans,597-66-7664,218.96,21,5
918,2016-05-24,Cynthia Romero,203-76-2183,211.17,21,3
919,2016-10-01,Timothy Payne,442-82-5163,67.32,21,4
920,2016-08-10,Ralph Palmer,282-09-9082,121.33,21,4
921,2016-10-23,Jimmy Patterson,394-40-6846,99.97,21,5
922,2016-03-10,Thomas Peters,491-32-1288,121.86,21,5
923,2016-03-29,Dorothy Hunter,364-69-2100,28.61,21,3
924,2015-11-08,Alan Price,239-51-9038,131.84,21,3
925,2016-07-08,Elizabeth Cunningham,894-21-1091,206.83,21,5
926,2015-11-29,Amy Lynch,411-61-5252,58.47,21,5
927,2016-10-09,Richard Castillo,987-44-7456,205.15,21,3
928,2016-10-22,Andrea Hawkins,458-68-3794,127.9,21,5
929,2016-01-09,Michael Bailey,878-53-4498,188.84,21,4
930,2016-03-23,Scott Perez,396-42-8943,225.9,21,4
931,2015-10-30,Maria Gray,459-51-9144,120.87,21,3
932,2016-08-06,Charles Moore,719-65-9771,35.45,21,3
933,2016-02-10,Kenneth Williams,159-64-4878,74.59,21,5
934,2015-12-20,Julie Watson,938-92-7748,29.69,21,3
935,2016-01-23,Janice Simpson,564-44-2423,171.89,21,6
936,2015-12-27,Kelly Cooper,101-56-8302,155.61,21,4
937,2016-03-23,Earl Gardner,945-83-1620,44.41,21,6
938,2016-09-13,Harry Day,994-74-5685,205.37,21,5
939,2015-11-09,Dennis Montgomery,856-43-6705,86.99,21,3
940,2016-07-19,Gary Morris,710-56-5236,73.1,21,5
941,2016-07-12,Marie Frazier,174-10-5886,197.87,21,6
942,2016-02-09,Ronald Snyder,280-23-1782,189.11,21,5
943,2016-07-02,Adam Roberts,406-93-7636,201.63,21,4
944,2016-07-08,Pamela Bell,238-57-9910,70.62,21,3
945,2016-06-20,Gloria Frazier,805-19-9693,95.89,21,3
946,2016-01-12,Doris Brooks,992-90-4372,61.43,21,5
947,2016-02-23,Ruby Flores,647-18-4541,162.42,21,4
948,2016-02-20,Phyllis King,371-69-6189,62.91,21,4
949,2016-01-05,Robin Hanson,447-77-9660,102.22,21,4
950,2016-08-05,Howard Adams,900-17-0143,150.54,21,4
951,2016-01-24,Judith Murphy,113-96-5702,157.11,21,5
952,2016-05-22,Mildred Edwards,987-43-5917,86.61,21,3
953,2015-12-19,Carlos Shaw,826-21-4575,112.43,21,4
954,2016-04-07,Doris Murphy,956-80-4362,146.24,21,5
955,2015-11-20,David Bailey,286-67-6651,98.76,21,5
956,2016-06-14,Andrew Medina,171-78-2980,53.85,21,6
957,2015-10-28,Thomas Gutierrez,744-39-6618,195.08,21,5
958,2016-09-06,Kevin Ruiz,466-26-8667,191.06,21,6
959,2016-05-05,Donna Chavez,148-64-7314,76.58,21,6
960,2016-04-27,Peter Frazier,855-95-2456,158.55,21,3
961,2015-11-11,Johnny Chavez,289-50-6624,183.54,21,4
962,2016-08-13,Cynthia Williamson,961-84-8622,68.58,21,4
963,2016-09-16,Donald Morales,910-50-8249,119.86,21,4
964,2015-12-02,Alan Walker,897-82-8166,133.04,21,4
965,2016-09-12,Jonathan Brown,717-39-1147,101.71,21,4
966,2016-02-01,Julia Lawson,552-59-4073,225.36,21,6
967,2015-12-14,Jesse Stone,870-58-5585,210.72,21,5
968,2016-04-02,Nicholas Lawrence,672-87-7023,150.85,21,5
969,2016-02-25,Nancy Baker,899-34-5638,139.57,21,4
970,2016-08-10,Virginia Flores,545-66-5985,75.08,21,3
971,2016-04-09,Jesse Rice,494-77-1805,103.26,21,3
972,2016-03-28,Margaret Gibson,842-66-1900,106.23,21,4
973,2016-04-02,Kathy Grant,218-24-4409,119.59,21,3
974,2015-11-04,Annie King,633-52-4589,141.68,21,5
975,2016-07-06,Thomas Murray,628-19-9198,94.23,21,5
976,2016-07-29,Fred Butler,671-40-1388,214.44,21,6
977,2016-07-11,Emily Gutierrez,217-31-8406,213.13,21,5
978,2016-03-22,Bobby Wilson,614-98-9683,53.71,21,6
979,2016-06-16,Kimberly Ortiz,634-97-9844,174.41,21,5
980,2016-04-24,Kimberly Anderson,871-46-0468,171.96,21,3
981,2016-05-12,Eugene Bowman,604-52-1491,152.43,21,6
982,2015-11-29,Rose Foster,107-77-8602,117.62,21,3
983,2016-09-28,Terry Smith,843-07-1535,114.73,21,6
984,2016-01-04,Frances Russell,277-24-4568,143.49,21,3
985,2016-10-09,Christopher Hayes,382-25-2479,199.99,21,6
986,2016-09-12,Aaron Cox,599-52-0631,219.09,21,6
987,2015-10-28,Jeffrey Watson,684-64-4504,148.96,21,6
988,2015-10-27,Frank Robertson,169-58-4389,99.56,21,3
989,2016-06-17,Kenneth Long,171-65-3738,86.13,21,6
990,2016-05-07,Mary Long,167-60-5749,124.42,21,6
991,2016-09-14,Anthony Adams,445-36-5183,216.08,21,5
992,2016-05-16,Gregory Jordan,755-90-8996,83.38,21,5
993,2016-06-26,Carl Smith,760-35-7283,194.63,21,6
994,2016-03-11,Gary Gomez,359-18-4871,175.78,21,5
995,2016-09-03,James Ross,446-88-3177,77.34,21,4
996,2016-06-25,Patricia Ryan,630-68-2778,107.77,21,3
997,2016-08-01,Craig Green,888-67-2381,82.1,21,4
998,2016-02-07,Jonathan Reyes,592-97-9246,111.99,21,4
999,2015-11-04,Cheryl Sanchez,436-59-4678,215.39,21,3
1000,2016-06-15,Jacqueline Wood,599-56-2915,190.32,21,6
